job_id,title,company,location,description,url,salary,skills_required
2088696,Technical Support Operator,KnownHost,USA,"THIS IS WHO YOU ARE… 
 You are our front line in the battle for exceptional customer experience at the 24/7/365 help desk. 
 Ideally, you have experienced terrible web hosting customer service and have vowed that will never happen on your watch! 
 You are responsible for seeing that our customers have excellent customer service by doing what you do every day -> exceeding customer expectations. 
 WHAT DO WE NEED FROM YOU?  Well, you should be customer focused, great under pressure, and ready to engage a problem with your superior analytic skills. Can you do several things at a time with amazing efficiency? Good! If you are a super ninja with web hosting applications and platforms -> we need to talk. 
 MORE ABOUT THE POSITION . These will be your primary responsibilities in your daily goal to fight bad web hosting: 
 Hiring for day shift employees CST.  Provide customers support via our 24/7 helpdesk. Troubleshooting email delivery issues Troubleshooting cPanel, Plesk, and DirectAdmin related issues Troubleshooting DNS, FTP, SSL, Apache, and other service-related issues. 
 Ensuring customer satisfaction 
 You must know Linux like your favorite cheeseburger and fries’ combo! Here are your other amazing attributes: 
 Must be customer-focused, and willing to do whatever it takes to resolve customer issues. Going above and beyond is the standard at KnownHost. Our customer reviews reflect this. 
 Excellent written English. Technical Support Operators currently primarily provide support over email, but may occasionally be asked to pitch in with live chat and phone support. 
 Must be familiar with Linux shell (bash), Apache, PHP, MySQL, email (POP3/IMAP/SMTP), FTP, DNS, and other standard web hosting applications and protocols. 
 Must be able to work under pressure when bad stuff happens and get the job done. 
 Multi-tasking is a must. KnownHost has a lot going on, and multiple brands. 
 Must be able to ask customers for complete error message or derive the context of their problem if they provide insufficient information. 
 Must have working knowledge of one of the following control panels, cPanel/WHM, Plesk, and DirectAdmin is required.  
 Knowledge of PHP, Python, Perl, and Ruby on Rail a bonus.  
 Working Knowledge of Iptables firewalls (CSF, APF, etc.) 
 Common customer website apps, like Drupal, WordPress, MediaWiki, Magento, ZenCart, etc 
 MySQL commands for support or troubleshooting, like importing/dumping a database, simple SELECT statements or ""SHOW PROCESSLIST"" 
 WHY IS KNOWNHOST THE RIGHT FIT FOR YOU?  We are seeking extraordinary people in a world of mediocrity. You must live and breathe web hosting. To attract and retain top-level talent, we are prepared to treat you like a VIP. 
 With plush benefits, paid vacation time, and competitive pay, we believe that KnownHost can be your next home away from home. Here is how we let you know that you are valued on our red carpet: 
 
 Competitive pay between $14 to $20 per hour (depending on experience) 
 Comprehensive health, dental, and vision insurance plans (US only) 
 Flexible scheduling, & paid vacation benefits.  
 A variety of other perks and benefits 
 
 All our positions are full-time employment, so we expect KnownHost to be your only hosting related job. 
 All you should do is know your field from every position, pass the background/ drug test, and let us do the rest! 
 Apply today and let us get to know you!",https://remotive.com/remote-jobs/customer-service/technical-support-operator-2088696,$30k - $40k,"apache, drupal, magento, perl, php, python, ruby/rails, wordpress, bash, dns, web hosting, helpdesk, MySQL, technical support, chat, troubleshooting, Linux/Unix, shell, REST, insurance"
2088663,Junior Project Coordinator,C4Media Inc.,"Brazil, Argentina","C4Media, Inc.  is seeking a motivated, fully remote  Junior Project Coordinator (contractor)  to join our global team. In this role, you will provide essential support for our expanding online learning and certification cohorts. 
 As a Junior Project Coordinator, you will assist the team in planning and executing our virtual learning programs for software professionals. This is a foundational, entry-level role designed for someone who thrives on organization, clear communication, and the ""behind-the-scenes"" work. 
 You will work under the close guidance of our program leads, learning the operational ""ins and outs"" of professional education in a highly collaborative environment. 
 What You’ll Do 
 Working as part of a team, you will assist with the daily operations of our online learning cohorts: 
 
 
 Customer Service:  Act as a first point of contact for learners. You’ll help distribute onboarding materials, answer inquiries, and follow up to ensure participants have a smooth experience. 
 Logistics Assistance:  Help maintain our digital learning environments, including Zoom room administration, Google Drive organization, and coordinating Slack communications. 
 Editorial Pipeline Support:  Support the coordination of ""Capstone"" learning projects by collecting participant bios, tracking deadlines, and sharing information with our internal editorial team. 
 Trainer Coordination:  Provide administrative support to facilitators by ensuring session materials are organized and sessions are ready to launch. 
 Data Entry & Tracking:  Assist in keeping our databases accurate. You’ll help track attendance, distribute feedback surveys, and compile results for program reports. 
 Ad-Hoc Team Support:  Help with research tasks and small operational details, such as tracking costs or coordinating with Finance and Marketing. 
 
 
   
 Job Requirements 
   
 Professional Experience, Skills & Education: 
   
 
 
 Excellent English proficiency (written & spoken) with the ability to communicate professionally with a global audience. 
 A customer-first mindset—you are naturally helpful, patient, and supportive. 
 Sharp attention to detail and exceptional organizational skills. 
 Comfort with remote productivity tools such as Google Workspace and Slack. 
 Technology curiosity: A desire to learn new software. Experience with CRMs, Figma, or basic HTML is a plus, but not required. 
 A recent degree or 1-2 years of experience in an administrative or customer-facing role. 
 A proactive, solution-oriented mindset with a strong willingness to help. 
 
 
   
 Setup Requirements: 
   
 
 
 Able to work in a full-time remote position 
 Must reside in Argentina or Brazil 
 Able to work as an independent contractor 
 Able to work in overlap with our core global office hours (9 AM - 1 PM EST) 
 Quiet home office and ability to work comfortably from home 
 Reliable infrastructure: Access to high-speed internet and a modern computer 
 Able and willing to travel to locations in the USA or Europe 1 - 3 times per year, with an average stay of 4-8 days each, to attend our software conferences and annual company meetings 
 
 
   
 Only candidates who submit their  applications in English  will be considered for this role (including resume). 
 Why work at C4Media 
 
 
 Work from home - always : We are a remote-first and remote-always team who has been successfully operating on a work-from-home basis since 2007. And we have no intention of changing that. 
 Travel the world:  C4Media offers an opportunity to travel 3-4 times a year at our expense to NYC, SF, London, and other fun, global locations for conferences & team building. We also got you covered to add a sightseeing day to the end of the trip. 
 Take care of each other:  We look out for one another and prioritize respect, fairness, support, and well-being. Check out our core values on our careers page. 
 Learn something new:  C4Media’s culture is one of learning & mastering. Everyone has a training and education budget for professional growth every year and is encouraged to use it. 
 Make friends across the world : Be a part of a leading, fast-growing international company and build a network of international friends and colleagues for life. 
 Support wellbeing:  In an effort to make physical activity more readily accessible, we offer staff an annual subsidy towards fitness and wellness. 
 Generous paid time off:  In addition to 25 paid days off in the 1st year and 30 paid days off in every subsequent year, we provide 1 paid day off for birthdays (or a similar special day) and 2 paid days for continuing education. 
 Mentorship : Receive direct guidance and professional development from experienced project leads. 
 Global Exposure : Interact with tech professionals and world-class trainers daily. 
 Event Experience : Gain a front-row seat to how major international conferences are run, with potential opportunities to support in-person events. 
 
 
   
 Qualified candidates are to submit their applications on our C4Media website.",https://remotive.com/remote-jobs/project-management/junior-project-coordinator-2088663,,"html, Figma, research, onboarding, data entry, infrastructure, travel"
2088622,Content Reviewer,TELUS Digital,USA,"Looking for a freelance opportunity where you can make an impact on technology from the comfort of your home? If you are dynamic, tech-savvy, and always online to learn more, this part-time flexible project is the perfect fit for you! 
   
 A Day in the Life of a Personalized Internet Assessor: 
   
   
 ●        In this role, you’ll be analyzing and providing feedback on texts, pages, images, and other types of information for top search engines, using an online tool 
   
 ●        Through reviewing and rating search results for relevance and quality, you’ll be helping to improve the overall user experience for millions of search engine users, including yourself. 
   
   
   
 Join our team today and start putting your skills to work for one of the world's leading search engines. 
   
   
 The estimated hourly earnings for this role are 14 USD per hour. 
   
 Please note only one member per household can work on this program. If at a later stage it is identified that more than one person in your household is working on the TELUS Digital Rating Program, it will result in removal from the program. 
   
   
   
 TELUS Digital AI Community 
   
   
 Our global AI Community is a vibrant network of 1 million+ contributors from diverse backgrounds who help our customers collect, enhance, train, translate, and localize content to build better AI models. Become part of our growing community and make an impact supporting the machine learning models of some of the world’s largest brands. 
   
   
   
 Qualification path 
   
 No previous professional experience is required to apply to this role, however, working on this project will require you to pass the basic requirements and go through a standard assessment process. This is a part-time long-term project and your work will be subject to our standard quality assurance checks during the term of this agreement. 
   
   
   
 Basic Requirements 
   
   
 ●        Working as a freelancer with excellent communication skills in English 
   
 ●        Being a resident in the United States for the last 3 consecutive years and having familiarity with current and historical business, media, sport, news, social media, and cultural affairs in the US. 
   
 ●        Active use of Gmail and other forms of social media and experience in the use of web browsers to navigate and interact with a variety of content 
   
 ●        Daily access to a broadband internet connection, a smartphone (Android 5.0, iOS 14 or higher), and a personal computer to work on. 
   
   
   
 Assessment 
   
   
 In order to be hired into the program, you’ll take a language assessment and an open book qualification exam that will determine your suitability for the position and complete ID verification. Don’t worry, our team will provide you with guidelines and learning materials before your exam. You will be required to complete the exam in a specific timeframe but at your convenience! 
   
   
   
 Equal Opportunity 
   
   
   
 All qualified applicants will receive consideration for a contractual relationship without regard to race, color, religion, sex, sexual orientation, gender identity, national origin, disability, or protected veteran status. At TELUS Digital AI, we are proud to offer equal opportunities and are committed to creating a diverse and inclusive community. All aspects of selection are based on applicants’ qualifications, merits, competence, and performance without regard to any characteristic related to diversity",https://remotive.com/remote-jobs/all-others/content-reviewer-2088622,14$/hour,"android, go, ios, social media, AI/ML, diversity"
2070150,Senior DevOps Engineer,Marketerx,USA,"The Role: Architect of a Resilient Future 
 We are seeking a highly experienced and motivated Senior DevOps/Security Engineer to join our founding engineering team. This isn't just another DevOps role. You will be the architect of the resilient, scalable, and secure foundation upon which our entire autonomous marketing platform is built. As the first dedicated DevOps/Security hire, you will have a unique opportunity to shape our infrastructure from the ground up, ensuring our platform can deliver on its promise of making brilliant marketing effortless. 
   
 We're looking for a visionary builder who is passionate about creating robust systems that can handle enterprise-level scale while empowering our customers to compete and win. 
 Your Impact: 
 
 
 Build the Bedrock:  Design and implement a world-class, scalable cloud infrastructure on AWS using Infrastructure as Code (IaC) principles (Terraform, CloudFormation). This is the foundation for amplifying the brilliance of thousands of businesses. 
 
 
 Automate Everything:  Develop and manage sophisticated CI/CD pipelines to ensure our AI models and applications are deployed rapidly, reliably, and securely. 
 
 
 Fortify the Platform:  Implement a comprehensive, proactive security program from the ground up. You will be the guardian of our customers' data and our platform's integrity, ensuring compliance with standards like SOC2 and GDPR. 
 
 
 Enable Hyper-Growth:  Engineer our systems for massive scalability and performance, ensuring we can seamlessly onboard thousands of new customers while maintaining a flawless user experience. 
 
 
 Drive Intelligence-Led Operations:  Establish robust monitoring, logging, and alerting systems that provide deep insights into system health and performance, allowing for proactive optimization and issue resolution. 
 
 
 Who You Are: 
 
 
 A seasoned DevOps or SRE professional with 5+ years of experience, bringing a security-first mindset to everything you do. 
 
 
 An expert in cloud platforms (preferably AWS), containerization (Docker, Kubernetes), and Infrastructure as Code (Terraform, Ansible). 
 
 
 A proactive builder who thrives in a fast-paced, high-growth startup environment. 
 
 
 You're not just looking for a job; you're looking to join a mission-driven team with a proven leader and build something that will redefine an industry. 
 
 
 You are inspired by the challenge of building a platform that levels the playing field for visionary entrepreneurs. 
 
 
 What We Offer: 
 
 
 Competitive Salary:  $130,000 - $150,000 annually. 
 
 
 Founding Team Equity:  A generous equity package, because you are a crucial part of our success story. 
 
 
 Comprehensive Benefits:  flexible work schedule, and unlimited PTO. 
 
 
 Unmatched Opportunity:  The chance to build the infrastructure for a category-defining company and work alongside a world-class team.",https://remotive.com/remote-jobs/devops/senior-devops-engineer-2070150,$130k - $150k,"AWS, cloud, docker, kubernetes, security, SRE, AI/ML, CI/CD, terraform, startup, ansible, infrastructure"
2088656,Customer Retention Manager,AutoHDR,USA,"Role:  Customer Success Representative 
 AutoHDR is the fastest growing AI startup in real estate media. We train custom image editing models for real estate, and are currently editing 25% of all US real estate listings! 
 Join our team and work with an exceptional team to build cutting edge products and continue growing 20% month over month! 
 Our vision is to produce the majority of media for the real estate industry - and you can join early on. 
   
 The role: 
 
 
 Own customer retention; build systems, automations, and build relationships to ensure a customer never leaves once using the platform. 
 
 
 Call un-subscribed customers to collect feedback and conduct our winback process 
 
 
 Call customers who report low quality ratings in realtime to proactively prevent churn. Consult them on how to prevent the issue & share upcoming product updates. 
 
 
 Proactively call existing users to collect feedback and proactively mitigate any churn risks. 
 
 
   
 Your key responsibility: 
 
 
 Make sure 100% of tickets from un-subscribed customers and low quality ratings are called through every single day. Come up with ideas and systematic, data-driven approaches for churn prevention. 
 
 
   
 Requirements: 
 
 
 Background working with real estate photographers or editing companies 
 
 
 Understanding of HDR or flambient real estate photo workflows 
 
 
 Perfect English fluency and no accent 
 
 
   
 Schedule: 
 
 
 Full-time (US Business Hours) 
 
 
 AutoHDR Core Values: 
 Our core values are the fuel for our continuous 20% month over month growth. Iron sharpens iron in our office, and the entire dev team is bought in to winning together. 
   
 Persistence 
 You believe anything is possible - the only variable is how long it will take. You will always continue trying to solve a problem, look for new solutions, and figure it out at all costs through continous effort - even when most would give up. 
 Optimism 
 You believe strongly that you can accomplish anything you want - regardless of the odds. Even when the worst case scenario happens, and everything is on fire, you never doubt your ability to pull through and win at what you set out to do. 
 Competitive greatness 
 Every individual on our team wants to be the best in the world at what they do. We are extremely compeitive, and will settle for nothing other than being the #1 player for AI real estate editing.",https://remotive.com/remote-jobs/customer-service/customer-retention-manager-2088656,,"AI/ML, editing, startup"
2088655,Customer Support Representative,AutoHDR,USA,"Company Description 
   
 AutoHDR is an AI real estate photo editing platform. We launched less than a year ago and already edit 25% of U.S. real estate listings. 
   
 We’re building a category-defining product and looking for people who want to help us scale it fast. This is an early hire on a small team of A players changing the industry. 
   
 Role Description 
   
 We’re hiring a Customer Support Rep to own inbound support and make sure the product is delivered well to users. 
   
 This is not a passive support role. We want someone fast, sharp, calm under pressure, and great with people. Your job is to respond quickly, solve problems clearly, and make sure every customer gets the right outcome fast. 
   
 You’ll handle inbound questions, quality issues, flagged shoots, human edit requests, and account-related problems. You’ll also be responsible for spotting when something is actually a bug, a churn risk, a sales opportunity, or an onboarding issue, and routing it correctly. 
   
 We want someone who can think clearly, communicate well, and use judgment. You should be able to solve what can be solved, escalate what needs escalation, and always leave the customer feeling taken care of. 
   
 You should also be constantly thinking about how support can be faster, smarter, and more scalable over time. 
   
 Requirements 
   
 You love helping people and communicating clearly. 
 You are fast, organized, and highly responsive. 
 You have strong judgment and know how to solve problems without overcomplicating them. 
 You are high-agency and take ownership instead of waiting around. 
 You can stay calm under pressure and handle urgent issues well. 
 You pay close attention to detail and care about quality. 
 You are good at figuring out whether something is a support issue, a bug, a churn risk, or a sales opportunity. 
 You think in systems and naturally look for ways to improve workflows over time. 
 You are comfortable working quickly across inboxes, tickets, Slack, and internal tools. 
   
 Bonus if you: 
   
 Have worked in customer support, operations, or a fast-paced SaaS environment. 
 Have experience in real estate media or real estate photography. 
 Have experience handling quality control, escalations, or technical support. 
 Have used AI tools to improve workflows or automate repetitive wor",https://remotive.com/remote-jobs/customer-service/customer-support-representative-2088655,,"saas, AI/ML, editing, technical support, onboarding, responsive"
1919265,Senior Independent Software Developer,A.Team,"Americas, Europe, Israel","You must be located in the Americas, Europe, or Israel to apply. A·Team  is a VC-backed, stealth, application-only home on the internet for senior independent software builders to team up with hand-picked, high-growth companies on their next big thing.  
 After talking with hundreds of independent engineers, designers, and product folks, we heard over and over that finding vetted, high-quality, consistent clients is hard, and projects are often too small to be rewarding. A·Team matches small teams of the most talented builders in the world with companies backed by a16z, YC, Softbank, General Catalyst, etc. on a contract basis for many of their most important initiatives. We quietly launched in May 2020, and have helped A·Teamers earn $85+ million since. 
 As part of A·Team, you can expect: 
 
 High-paying, meaningful missions with the most audacious companies  sent your way; generally $90-$150+/hr, with vetted, fascinating clients doing work that matters. We're picky about who we partner with; new clients only come in via trusted referral. We've worked with Lyft, McGraw Hill, ClearCo, Pepsi, Walmart, the former CEO of Waze, the leading vaccine production software, several new unicorns we can't say here, and dozens of startups backed by a16z/YC/Softbank/Insight/Tiger/etc. 
 Work alongside friends old & new:  our niche is small/diverse product teams, since clients with larger budgets and higher-impact work tell us they want teams, not individuals. Of course, we keep friends together whenever we can. 
 Full autonomy:  say ""no"" to things that don't excite you. The most talented builders often juggle a few things at once, so there's never pressure to join an A·Team mission if you don't have the bandwidth. If we're no longer a fit, it's easy to leave or pause too.  
 Small, curated, off-the-record gatherings:  for conversations hard to have elsewhere. Long-term, we're creating micro-communities for the world's top builders to become friends around the things they care about. 
 Keep 100% of what you earn:  if you charge $120/hr, you get $120/hr. A·Team makes money by charging a small, flat, transparent platform fee on  top  of your rate. 
 
   
   
 How to apply: 
 Go here:  https://build.a.team/remotivereferral  + mention Remotive.  We respect your time so the application is short. We're also much more interested in seeing what you've made, and excited to chat more if there’s a fit. 
 What you’ll do: 
 
 
 Once part of A.Team, you’ll regularly be invited to impactful missions that match your interests. Find the right pick from early-stage incubations with world-class founders, to fast-growing super-funded companies, to old school non-tech incumbents looking to build as a tech giant would 
 
 
 Missions usually involve building an ambitious piece of software from 0 to 1 as part of a small 3-4 person team.  
 
 
 You’ll be paid to scope it out, give the client options, guide strategy, and execute on the selected solution. Sometimes the client has a clear vision, sometimes not; which is why A.Team builders tend to be senior folks who can work together to find the right direction.  
 
 
 Who A · Team is for: 
 
 
 Senior software developers who left large companies and high-growth startups to pursue their craft with autonomy. 
 
 
 Those who prefer consistent contract work over a full-time role, who want to create a variety of new products alongside other top-tier builders. 
 
 
 The majority of A.Teamers spend most of their time doing independent work, but a sizeable percentage are either employed full-time (but testing out client work), bootstrapping a side project, or looking for their next big thing 
 
 
 Who A · Team is  not  for: 
 
 
 People looking for small gigs 
 
 
 Folks looking to build simple wordpress/wix/squarespace-style websites 
 
 
 Those still early in their careers (<4 years) and recent university/bootcamp grads (at least not yet) 
 
 
 Our long-term vision: 
 A·Team  is a new type of company for a new kind of independent software builder. We call them ""unhirables"": people who traditional companies couldn’t hire full-time even if they wanted to, but who want to do their most meaningful work with their favorite people in small, autonomous, distributed expert teams.  
 To help us secure amazing missions, we raised $60 million+  from Insight Partenrs, Tiger Global, NFX, RocNation, along with the former CEO of Upwork, the founders of Fiverr and Lemonade, Apple's Global Head of Recruiting, YC Partner Aaron Harris, Wharton's Adam Grant, and Duke's Dan Ariely.",https://remotive.com/remote-jobs/software-development/senior-independent-software-developer-1919265,$90 - $150 /hour,"go, wordpress, chat, apple, testing, catalyst"
1919266,Senior Independent AI Engineer / Architect,A.Team,"Americas, Europe, Israel","Location:  Americas, Europe, or Israel 
 The Opportunity 
 Join A.Team’s invite-only network of senior builders and access exclusive missions with Fortune 500s and top startups. This isn’t client work or employment—it’s a vetted collective where you’re matched to impactful projects. At A.Team, you won’t just implement someone else’s plan. You’ll be the technical decision-maker, owning everything from model design to enterprise integration. 
 Why A.Team 
 
 
 Elite peers : ex-OpenAI, Google, Meta, Amazon. 
 
 
 Precision matching : Missions in LLMs, CV, NLP, ML infra, fine-tuning. 
 
 
 Compensation : $120–$170/hr, biweekly payouts, you keep 100%. 
 
 
 Autonomy : Choose only missions that excite you—no small gigs, no chasing. 
 
 
 What You’ll Do 
 
 
 Lead the design, deployment, and scaling of production AI systems. 
 
 
 Build ambitious software 0→1 in small, senior teams (3–5 people). 
 
 
 Scope, propose, and execute solutions with real ownership. 
 
 
 Partner with founders, CTOs, and product leaders to deliver outcomes that matter. 
 
 
 Who Thrives Here 
 
 
 Senior AI/ML Engineers with production systems live. 
 
 
 AI Architects who’ve built enterprise AI stacks. 
 
 
 Tech Leaders balancing architecture with business outcomes. 
 
 
 Specialists in LLMs, CV, NLP, or infra with proven depth. 
 
 
 Not a fit : under 4 years’ experience, simple website builders, or small gig seekers. 
 Proof in the Network 
 Your peers have scaled apps to millions, built enterprise AI platforms, shipped AI at unicorns, and deployed infra handling billions/day. 
 How to Apply 
 Apply once at  build.a.team/apply-ai . Short, rigorous process—we care more about what you’ve built than lengthy forms.",https://remotive.com/remote-jobs/software-development/senior-independent-ai-engineer-architect-1919266,$120 - $170 /hour,"go, UI/UX, wordpress, chat, apple, testing, catalyst"
2069746,Tech Lead Full-Stack Rails Engineer,Mitre Media,"USA, Canada, USA timezones","About Mitre Media 
 Mitre Media is redefining FinTech with AI-driven tools that empower millions of investors. Our portfolio, including Dividend.com and MutualFunds.com, leverages LLMs to deliver novel data insights and visually rich user experiences. For over a decade, we’ve served individual investors, financial advisors, and top asset managers like BlackRock and Vanguard through our premium data, tools, and advertising solutions. Join our lean, entrepreneurial team to shape the future of AI-powered investing from your location ±3 hours from Eastern Time. 
 Our users are deeply engaged, spending over 5 minutes per visit with a bounce rate below 10%, researching investments across hundreds of different categories. With 40 million brokerage accounts in the U.S., we take pride in building tools that make a real impact, fostering a culture of trust, innovation, and dynamism. If you’re passionate about financial technology and AI, we’d love to connect! 
 About the Role 
 As a Full-Stack Rails Tech Lead, you’ll architect and implement LLM-powered web applications within our microservices-based Rails 8 platform. Reporting directly to our CTO, you’ll collaborate with a small, high-impact team to deliver user experiences across Dividend.com, MutualFunds.com and other brands within our portfolio. This role combines expert Ruby on Rails skills with AI integration expertise, requiring you to leverage LLMs in your development workflow, state management and user interactions. 
 You’ll work in a remote-first hybrid environment, which encourages in person collaboration, using ShapeUp to manage projects that trade-off on-time delivery for de-scoped outcomes. As a technical leader, you'll have a seat at the table shaping system architecture, implementing core features all while embracing an entrepreneurial mindset and a “get things done” mentality. 
 Responsibilities 
 
 
 Architect and maintain Rails applications (Rails 8) 
 
 
 Integrate LLMs into our microservices architecture for state management and real-time user experiences. 
 
 
 Enhance front-end experiences with Hotwire, StimulusJS, or React, ensuring seamless AI-driven interactions. 
 
 
 Optimize LLM inference for low latency and cost, using caching and asynchronous processing. 
 
 
 Required Technical Skills 
 Back-End 
 
 
 Ruby (5+ years, expert-level) 
 
 
 Ruby on Rails (Rails 6-8 preferred) 
 
 
 PostgreSQL (or MySQL) 
 
 
 Elasticsearch 
 
 
 Redis 
 
 
 Docker 
 
 
 Front-End 
 
 
 StimulusJS or JavaScript ES6 
 
 
 Tailwind CSS 
 
 
 HTML 
 
 
 HTTP 
 
 
 AI Integration 
 
 
 Experience integrating AI/ML models (e.g., LLMs, NLP) with web applications 
 
 
 Familiarity with LLM frameworks (e.g., LangChain, Hugging Face) or APIs (e.g., xAI, Anthropic) 
 
 
 Nice-to-Have Technical Skills 
 
 
 Kubernetes for microservices orchestration 
 
 
 React for advanced front-end components 
 
 
 Graph databases for complex financial data 
 
 
 Contributions to open-source RoR or AI projects 
 
 
 Required Soft Skills 
 
 
 Entrepreneurial mindset with a passion for AI and FinTech 
 
 
 Natural leader who mentors and inspires teammates 
 
 
 Problem-solver with a “get things done” mentality 
 
 
 Excellent communication, thriving in remote and cross-team collaboration 
 
 
 Attention to detail, ensuring clean, maintainable code 
 
 
 Team player comfortable as an individual contributor 
 
 
 Why Join Us? 
 
 
 Impactful Work : Build AI-powered tools that help millions of investors make informed decisions from data-driven insights. 
 
 
 Cutting-Edge Tech : Work with Rails 8, LLMs, and modern tools like Hotwire, Databricks, and xAI’s API in a microservices architecture. 
 
 
 Autonomy and Influence : Collaborate directly with our CEO and CTO to shape our AI-driven platform, with freedom to innovate. 
 
 
 Competitive Compensation : $160,000–$200,000 CAD/USD (based on experience) and benefits. 
 
 
 Remote Flexibility : Remote-first (±3 hours from ET) with hybrid in office collaboration in Toronto or NYC 
 
 
 Growth Opportunities : Budget for AI and Rails conferences (e.g., NeurIPS, RailsConf), plus access to cutting-edge AI tools for experimentation. 
 
 
 Dynamic Culture : Join a small, no-ego team passionate about trust, innovation, and making a difference in FinTech. 
 
 
 About Mitre Media’s AI-Driven Platform 
 Mitre Media powers premium financial brands like  Dividend.com  and  MutualFunds.com  with the Mitre Platform. This platform integrates traditional content management, financial data, first-party data, ad revenue, and subscription tools, all enhanced by LLMs for rich, user-focused experiences. Our data-derived insights delight users, while our advertising solutions deliver unmatched performance for partners like BlackRock and Vanguard, leveraging advanced targeting and first-party data. 
 How to Apply 
   
 Submit your resume, GitHub profile, and a brief note on why you’re excited about building AI-driven FinTech to jobs@mitremedia.com.",https://remotive.com/remote-jobs/software-development/tech-lead-full-stack-rails-engineer-2069746,$170k - $200k,"api, CSS, docker, elasticsearch, fullstack, html, javascript, kubernetes, postgresql, react, ror, ruby/rails, AI/ML, CAD, advertising, Redis, ES6, web applications, MySQL, NLP, fintech, Micro services, github, system architecture"
2069747,Tech Lead Databricks Data Engineer,Mitre Media,"USA, Canada, USA timezones","About Mitre Media 
 Mitre Media is redefining FinTech with AI-driven tools that empower millions of investors. Our portfolio, including Dividend.com and MutualFunds.com, leverages LLMs to deliver novel data insights and visually rich user experiences. For over a decade, we’ve served individual investors, financial advisors, and top asset managers like BlackRock and Vanguard through our premium data, tools, and advertising solutions. If you’re excited by the intersection of big data, AI, and investing, join our lean, entrepreneurial team from anywhere within ±3 hours of Eastern Time. 
 About the Role 
 As Tech Lead Data Engineer, you’ll architect and maintain the data backbone powering every feature across our product suite. Reporting to the CTO, you will design Databricks-based ETL pipelines, model complex investment data, and surface low-latency, high-quality datasets for both user-facing features and internal AI/analytics workloads. You’ll collaborate in a remote-first hybrid culture that values in-person “bursts” of collaboration, follow ShapeUp for project planning, and ship pragmatic solutions that favor de-scoping over delays. 
 Responsibilities 
 
 
 Design, implement, and optimize large-scale ETL workflows in Databricks (Apache Spark, Delta Lake, DBT). 
 
 
 Develop algorithms that transform raw market data into actionable insights. 
 
 
 Own data quality and lineage, instituting tests, monitoring, and alerting for mission-critical pipelines. 
 
 
 Evolve our cloud data platform (AWS & GCP) for scale, performance, and cost efficiency. 
 
 
 Mentor engineers, championing best practices in code reviews, documentation, and DevOps for data. 
 
 
 Required Technical Skills 
 Data Engineering 
 
 
 Programming : Expert in Python plus working knowledge of Scala or Java. 
 
 
 Databricks & Spark : Hands-on with cluster tuning, job orchestration, and Delta Tables. 
 
 
 SQL & DBT : Strong analytical SQL, modular data-model design, and CI/CD for transformations. 
 
 
 Cloud : Production experience on AWS or GCP data services (e.g., S3/GCS, EMR/Dataproc, Glue/Dataflow). 
 
 
 ETL & Orchestration : Solid grasp of EL(T) patterns, workflow scheduling, and incremental processing. 
 
 
 Data Modeling : Dimensional and schema-on-read designs for analytics and AI. 
 
 
 AI & Analytics Enablement 
 
 
 Building feature stores or inference-ready tables for ML/LLM workflows. 
 
 
 Familiarity with vector databases or embedding pipelines 
 
 
 Nice-to-Have Technical Skills 
 
 
 Apache Airflow, Luigi, or Dagster for DAG orchestration. 
 
 
 Experience with Looker, Tableau, or Stripe’s Vizier-style visualization stacks. 
 
 
 Financial-markets domain knowledge (equities, ETFs, mutual funds). 
 
 
 Machine-learning engineering or statistical-analysis background. 
 
 
 Required Soft Skills 
 
 
 Entrepreneurial mindset with a passion for AI and FinTech innovation. 
 
 
 Self-starter who diagnoses problems, proposes trade-offs, and delivers. 
 
 
 Clear communicator who thrives in distributed, cross-functional teams. 
 
 
 Mentorship attitude—uplifts peers through code reviews and knowledge-sharing. 
 
 
 Detail-oriented and disciplined about data accuracy and documentation. 
 
 
 Why Join Us? 
 
 
 Impactful Work  – Your pipelines feed every insight we deliver to millions of investors. 
 
 
 Cutting-Edge Tech  – Databricks, Delta Lake, LLMs, Hotwire, and xAI’s API, all in a modern microservices stack. 
 
 
 Autonomy & Influence  – Work directly with the CEO & CTO to shape our data and AI strategy. 
 
 
 Competitive Compensation  – $150k – $185k CAD/USD plus benefits and performance bonuses. 
 
 
 Remote Flexibility  – Remote-first within ±3 hrs ET; optional collaboration hubs in Toronto and NYC. 
 
 
 Growth Opportunities  – Budget for conferences (e.g., Data+AI Summit, NeurIPS) and continuous learning. 
 
 
 About Mitre Media’s AI-Driven Platform 
 Mitre Media powers premium financial brands like  Dividend.com  and  MutualFunds.com  with the Mitre Platform. This platform integrates traditional content management, financial data, first-party data, ad revenue, and subscription tools, all enhanced by LLMs for rich, user-focused experiences. Our data-derived insights delight users, while our advertising solutions deliver unmatched performance for partners like BlackRock and Vanguard, leveraging advanced targeting and first-party data. 
 How to Apply 
   
 Submit your resume, GitHub profile, and a brief note on why you’re excited about building AI-driven FinTech to jobs@mitremedia.com.",https://remotive.com/remote-jobs/software-development/tech-lead-databricks-data-engineer-2069747,$160k - $180k,"apache, api, AWS, big data, cloud, java, python, scala, sql, AI/ML, documentation, CAD, CI/CD, analytics, advertising, spark, tableau, GCP, ETL, data engineering, SOLID, fintech, Micro services, backbone, github"
2088652,Full-Stack Developer,ELECTE S.R.L.,Worldwide,"We are looking for a strong Full-Stack Developer to execute product features and contribute to our core platform development. Your focus will be clean, scalable implementation and high-quality execution. This role is ideal for a developer who enjoys building real product features end-to-end in a focused, no-bureaucracy environment. 
   
 Responsibilities 
 
 Implement frontend features using TypeScript 
 Develop backend services and APIs using Supabase / PostgreSQL 
 Contribute to our Python-based AI & analytics engine (data logic, integrations) 
 Write and optimize SQL queries and database logic 
 Collaborate on feature specifications and translate them into clean technical execution 
 Participate in code reviews and continuous improvement 
 Work within modern serverless infrastructure (Vercel / Supabase) 
 
   
 Tech Stack 
 
 Core Language:  TypeScript 
 Backend & Database:  Supabase (PostgreSQL), PL/pgSQL 
 AI Layer:  Python 
 Frontend & CMS:  TypeScript, Webflow, Weglot API 
 Infrastructure:  Vercel / Netlify 
 CI/CD:  GitHub Actions 
 
   
 Requirements 
 Must-have: 
 
 Experience as a Full-Stack Developer (3+ years) 
 Strong knowledge of TypeScript / JavaScript 
 Solid experience with Python in backend, data, or analytics contexts 
 Good understanding of PostgreSQL and data modeling 
 Experience building and consuming APIs 
 Ability to work independently and deliver clean production-ready code 
 
   
 Nice-to-have: 
 
 Experience with analytics or AI-adjacent systems 
 Hands-on experience with Supabase 
 Knowledge of PL/pgSQL 
 Experience using Webflow 
 
   
 What we offer 
   
 
 €2,500–3,500/month (contractor) 
 Full-time 
 Remote-friendly 
 Clear technical leadership and structured roadmap 
 Small team, fast decision-making, no bureaucracy",https://remotive.com/remote-jobs/software-development/full-stack-developer-2088652,"$33,6k–$50,4k","api, backend, frontend, fullstack, javascript, postgresql, python, sql, AI/ML, CI/CD, analytics, Typescript , SOLID, serverless, infrastructure, github, CMS"
2088653,Sr. Firmware Engineer,Sanctuary Computer,Worldwide,"We are recruiting a Sr. Firmware Engineer to contribute to our IoT teams Original job posting link 🌎 About  garden3d We are worker owned creative collective, innovating on everything from brands and IRL communities to IoT devices and cross platform apps. We share profit, open source everything, spin out new businesses, and invest in exciting ideas through financial and/or in-kind contributions. Our client roster includes  Google ,  Stripe ,  Figma ,  Hinge ,  Black Socialists in America ,  ACLU ,  Pratt ,  Parsons ,  Mozilla ,  The Nobel Prize ,  MIT ,  Gnosis ,  Etsy  &  Gagosian . We’re the software team behind innovative products like  The Light Phone  &  Mill , and we operate a global, decentralized community space collective called  Index Space . We think of our garden3d as collective for creative people, prioritizing a happy, talented, and diverse studio culture. We work on projects that bring value to our world, and we balance deep care for the work we do with a genuine curiosity about life outside of our jobs. 🔮  Who We're Looking For We're looking for a Senior Firmware Engineer who owns their work completely - someone who can walk into a hardware bring-up, assess the state of the firmware, and immediately know what needs to be done and in what order. You don't need a spec to get started and you don't need a manager to tell you when something's off. You've shipped real products. You know the difference between firmware that works in the lab and firmware that survives in the field — and you build for the latter from day one. You're comfortable making architectural decisions under ambiguity, and you document those decisions so the team can follow. In this role, you'll work across a range of embedded initiatives, from connectivity and OTA infrastructure to display integration and sensor pipelines, finding pragmatic, cost-effective solutions to hard real-time problems. You'll collaborate directly with hardware engineers, product teams, and clients, and you'll be expected to hold your own in all three rooms. Responsibilities will include: Owning firmware architecture decisions across one or more active product platforms Bringing up new hardware revisions and integrating peripheral drivers with minimal ramp time Monitoring deployed firmware in the field, triaging issues, and shipping fixes with urgency and discipline Designing and implementing wireless connectivity flows - pairing, OTA, reconnect logic, fleet health Reprocessing and validating firmware behavior across hardware variants and edge cases Integrating new sensors, actuators, and communication modules into existing firmware architectures Participating in code reviews and holding a high bar - style, correctness, and long-term maintainability Keeping close track of project scope, timeline, and technical risk - and surfacing problems before they become crises Communicating directly with clients to align deliverables with constraints when scope and reality diverge 🧗  Who you are The person we’re looking for is happy, relaxed and easy to get along with. They’re flexible on anything except conceits that will lower their usually outstanding work quality. They work “smart”, by carefully managing their workflow and staggering features that have dependencies intelligently — they prefer deep work but are OK coming up to the surface now and then for top level / strategic conversations. We believe people with backgrounds or interests in design, art, music, food or fashion tend to have a well rounded sense of design & quality — so a variety of hobbies or side projects is a big nice to have! 🔑  Must Have Competencies: Writes production C/C++ at the register level — owns memory layout, interrupt handling, and real-time constraints without supervision Has shipped embedded firmware through DVT into mass production on at least one product with real end users Brings up new hardware independently: bootloader, BSP, device tree, peripheral drivers — no hardware team babysitting required Deep RTOS fluency (FreeRTOS preferred) — has designed and debugged scheduling, priority inversion, watchdog logic, and power state machines under real constraints Owns the full debug cycle: reads schematics, probes with lab instruments, isolates timing and concurrency bugs, writes the postmortem Fluent in low-level bus protocols (I2C, SPI, UART, GPIO) at the register level - not just framework calls Self-managing: sets accurate estimates, flags risk early, delivers without being chased, and owns scope from kickoff to close Client-facing: has communicated technical tradeoffs directly to non-engineers, in writing, in real time, and been the person the client calls 💪  Nice to Have Competencies: ESP32 at the IDF level. Not Arduino wrappers. Wireless stack ownership: pairing flows, reconnect logic, OTA update pipelines, fleet-scale failure recovery Linux embedded depth - Yocto/Buildroot, device tree authorship, kernel module development, systemd service design Display pipeline integration (HDMI/DSI/LVDS) and shipped UI on constrained hardware using Qt, LVGL, or similar Cloud connectivity experience - MQTT under load, AWS IoT or similar, has debugged a deployed device fleet Product management instincts: can translate a vague client need into a scoped technical deliverable Experience in a startup or agency environment where specs are loose and timelines are tight USA based preferred for collaboration, but not a strict requirement 💸  Compensation The pay scale in on a contract basis, ranging  $150-200k/year  based on experience. 🎤  How we interview: Our interview process starts with a call where you get to meet a few members of our team. From there we’ll ask appropriate candidates to take part in a technical exercise which helps illustrate skill level and comfort. Important Reminders Kindly submit a complete and thoughtful application , including relevant links that help verify your work experience and identity. Applications with missing or insufficient information will not move forward in the review process. Our team carefully reviews every complete submission, and we truly appreciate the time and effort you put into applying.",https://remotive.com/remote-jobs/software-development/sr-firmware-engineer-2088653,$150k - $200k,"AWS, C, C++, cloud, UI/UX, open source, product management, hardware, IoT, startup, kernel, Linux/Unix, infrastructure, service design"
2087694,Audio AI Trainer,Anuttacon,Worldwide,"🎮Our Culture: 
 Our culture thrives on creativity, communication, and collaboration. Around here, the work is all part of the game! You’ll have fun, make great connections, and get to directly experience the impact of what your training produces. 
   
 
   
 🚀About Us: 
 Anuttacon’s mission is to create immersive and personalized virtual worlds where players can form unique connections and deeper experiences in digital spaces. We are dedicated to leveraging different perspectives, voices, and backgrounds to promote a thoughtful and humanistic approach to technology. Through research-driven and explorative AI, we aim to create real-time interactions that seamlessly blend text, audio, visuals, and beyond. 
   
 🤖About the Role: 
 We’re looking for individuals with diverse expertise to join our data team as AI Trainers. In this role, you will be directly involved in improving the accuracy and performance of our multimodal models. 
   
 🖥️Responsibilities: 
 
 Annotate text transcripts based on audio content to support various aspects of game design, such as dialogues, quests, character interactions, and scenes 
 Ensure accuracy and consistency in the data across various dimensions to optimize players’ gaming experience 
 Recognize nuanced expressions of a wide array of emotional tones and inflections 
 Annotate and tag model responses against our evaluation rubrics in an effort to improve dialogue and overall interactions to achieve the best user experience possible 
 Collaborate with our leads to develop state-of-the-art automatic speech recognition models and so much more 
 
 🙂About You: 
 
 Native or highly fluent in conversational English, able to accurately transcribe a broad range of accents, utilizing slang/colloquialisms 
 Have a passion for gaming, especially those experienced in narrative games 
 Comfortable working in a fun and fast-paced gaming-centric culture with a hands-on approach 
 Strong attention to detail and a commitment to producing high-quality work in a flexible, dynamic environment 
 Ability to move quickly and think on your feet in an ever-changing environment where you’ll have to rely on your intuition and best judgment to guide you 
 Good communication skills; able to give and receive feedback positively and professionally 
 Ability to follow complex guidelines and apply them consistently with a high degree of confidence and accuracy 
 Ability to work both independently and as part of a team, with a focus on achieving aligned consensus without sacrificing standards 
 
   
 🧠Nice to Haves: 
 
 Degree and/or experience in the following fields are a plus: 
 Media, film, video, audio, or narrative design/engineering 
 Creative writing, copywriting, communications, English, editing 
 Performing arts, voice work, or expressive presentation 
 Psychology, philosophy, or other fields focused on human behavior and thought 
 Previous experience working with AI/ML concepts or working with data analysis, data manipulation, and data reporting 
 
   
 💰 Compensation & other expectations: 
 
 US Hourly rate: $25 (depending on your role and qualifications).  Compensation varies based on location and experience. International rates will differ. 
 Able to dedicate a minimum of 20 flexible hours per week 
 Opportunity to work 40+ hours based on your availability 
 There will be exciting bonus opportunities and room for rapid growth! 
 
   
 🛡️ Content & Safety Awareness:   
 
 Creating a safer digital world involves teaching AI to recognize and avoid harmful content. Projects require reviewing  sensitive or challenging material . A commitment to navigating these topics with professional objectivity is required for this role to help us build stronger ethical guardrails for AI.",https://remotive.com/remote-jobs/ai-ml/audio-ai-trainer-2087694,$25/hour,"video, AI/ML, research, game design, data analysis, STEM, R, narrative design"
1680495,Office Assistant,Coalition Technologies ,Worldwide,"WHY YOU SHOULD APPLY: 
   
 Coalition Technologies is devoted to delivering clients the highest quality work while providing our team a fun, thriving, and innovative environment. Along with the opportunity for tremendous career growth and rapid advancement, CT offers: 
 
 The most competitive profit-sharing bonus plan in the industry, paying up to 50% of company profits to full-time employees each month! 
 A highly competitive Paid Time Off plan, promoting quality work-life balance. 
 Subsidized gym memberships to help team members feel their best. 
 Medical, dental, vision, and life insurance packages for all US-based team members. 
 International Health Insurance Reimbursement Program for all international team members, a benefit unique to Coalition. 
 Device upgrade and learning reimbursement programs. 
 Motivating career development plans with clearly defined goals and rewards. 
 Additional job-specific incentives and bonuses. 
 
 Plus, 100% of our team works remotely with the support of time tracking software. Our company culture specializes in supporting remote team members, and we’ve been doing so for more than a decade. CT welcomes your application, wherever in the world it's coming from! 
   
 YOU SHOULD HAVE: 
   
 
 Willingness to learn, grow, and collaborate with the team and company as a whole. Excellent verbal and written communication skills. A high level of discretion, ethics, and trustworthiness. Intermediate spreadsheet skills (preferred) Innovative thinking and a willingness to challenge existing methods where improvement is possible. Experience in bookkeeping / financial record keeping (preferred). Experience with Google Sheets or Excel, Quickbooks Online, and G-Suite (preferred). The availability to work 40 hours per week from 9:00 am to 6:00 pm PST. A reliable space to work remotely with a fast computer, quality internet, camera, microphone, and speakers. 
 
   
 YOUR DUTIES AND TASKS: 
   
 
 Answering phones and emails. Completing entry-level bookkeeping, including recording expenses, organizing receipts, and completing other transaction records. Resolving billing issues with clients and internal team members. Providing account access, usage reports, data analysis, and other ad hoc requests for team members. Supporting quality assurance checks of various internal and client facing reporting. Organizing new client contracts, create invoices, and process client payments. Contributing to internal database maintenance, upkeep and data entry. Researching, ordering, & distributing company-wide gifts (2-3 times per year). Organizing company events, competitions, and special projects throughout the year. Facilitating company holiday, time off, and schedule variation calendars. 
 
   
 We are looking for talented and diligent candidates who excel in our skills tests, and will consider these candidates even if past experience or educational background criteria aren't met. 
   
 *California, New York, Washington, and Colorado: starting base pay for this position ranges between $15 - $25 per hour. 
 Compensation may vary based on factors such as experience, qualifications, skills test performance, geographic location, and seniority of the position offered. Outside of California, New York, Washington, and Colorado compensation may fall outside the above ranges.",https://remotive.com/remote-jobs/marketing/office-assistant-1680495,"$31,2k- $52k","CSS, excel, frontend, git, html, illustrator, magento, photoshop, php, shopify, wordpress, MySQL, startup, responsive, themes, bootstrap, insurance, jQuery, Ajax"
1956455,iOS Developer,nooro,USA,"WHO ARE WE? 
   
 At nooro, we're revolutionizing pain management for seniors. Our platform is transforming how older adults engage with pain management at home. We're on a mission to make wellness more accessible and effective through technology. 
   
 Check our website here: https://nooro-us.com/ 
   
 We're a fast-moving startup that works on quick iteration and bold decisions. Our team is lean, agile, and empowered to make meaningful impacts daily. If you enjoy a dynamic environment where ideas become a reality at lightning speed and you're not afraid to wear multiple hats, you'll fit right in. 
   
 WHAT WILL YOU DO? 
   
 - Own and drive the development of our iOS application 
 - Build elegant, performant features using **Swift (We’re 100% Swift!)** and **SwiftUI** 
 - Implement complex UI/UX designs from **Figma** with pixel-perfect accuracy 
 - Ensure app performance, quality, and responsiveness 
 - Collaborate with our backend team on API integration 
 - Write clean, modular, and reusable code 
 - Participate in code reviews and architectural decisions 
 - Help shape our mobile development practices 
   
 HOW TO APPLY?  
   
 If you believe we're the right fit, please fill in this form:  https://forms.gle/xeL6pPbdjMHo11A28 
   
 WHAT ARE THE REQUIREMENTS? 
   
 - 5+ years of professional iOS development experience 
 - Strong expertise in Swift and SwiftUI 
 - Deep understanding of iOS platform capabilities and limitations 
 - Experience with iOS app architecture (MVVM preferred) 
 - Experience with Core Data and local storage solutions 
 - Proficiency in making RESTful API calls and handling responses 
 - Experience with dependency injection on iOS 
 - Strong version control skills with Git/GitHub 
 - Experience with App Store deployment and TestFlight 
 - Knowledge of iOS security best practices 
   
 APPLYING PROCESS 
   
 STEP 1 | QUESTIONNAIRE:  If you believe we're the right fit, please fill in this form:  https://forms.gle/xeL6pPbdjMHo11A28 
   
 STEP 2 | TEST: Once we review your form submission, we will send you a test 
   
 STEP 3 | TECHNICAL INTERVIEW: Once we review your test submission, you will have a call with our development leader 
   
 STEP 4 | BEHAVIORAL INTERVIEW: After the technical interview, you will have a call with our CEO to talk about the way our company and team members operate in general 
   
 WHAT DO WE OFFER? 
   
 - 100% remote work environment 
 - Competitive compensation 
 - Opportunity to make a meaningful impact in healthcare technology 
 - Collaborative, innovative team culture",https://remotive.com/remote-jobs/software-development/ios-developer-1956455,$60k-$130k (depending on experience),"api, backend, git, ios, security, swift, UI/UX, Figma, agile, healthcare, startup, core data, github, REST, MVVM, mobile development"
2086540,Inside Sales Contractor,"Credit Wellness, LLC",Worldwide,"About Us 
 We are a financial services start up focusing on helping to improve consumer credit profiles. We are currently seeking KPI driven sales representatives looking to earn up to 45K in their first year while working remotely. We offer comprehensive training and continuous sales coaching to help you meet your financial goals. 
 During our training period we offer a guaranteed training stipend while our trainees are acclimating to the position (*see weekly pay below). If you are a seasoned sales professional looking for the autonomy of a remote position combined with great compensation, we want to hear from you! 
 Compensation Structure 
 This role is  100% commission-based , which means your earning potential is unlimited. In addition, we regularly offer  competitive performance-based bonuses  to reward hard work and results. 
 Training Period (Weeks 1–4) 
 We invest in your success and want to make sure you’re supported as you get up to speed: 
 
 
 Week 1:  Commission-only (a chance to start earning right away while learning the ropes). 
 
 
 Weeks 2–4:  Guaranteed training stipend of  $1,000 total  – or your commission if it’s higher. You’ll always receive whichever amount benefits you most. 
 
 
 
 Week 2: $250 guaranteed minimum 
 
 
 Week 3: $325 guaranteed minimum 
 
 
 Week 4: $425 guaranteed minimum 
 
 
 
 By the end of training, you’ll have the skills to maximize commissions, with the safety net of a guaranteed base during your ramp-up period. 
 Post Training Period: 
 
 
 Average first year OTE: 25K-35K (US) Annually 
 
 
 Top Rep first year OTE: 35K-45K (US) Annually 
 
 
 *The above is the average pay you can expect, however, there is unlimited earning potential for those who are financially motivated top performers looking to exceed sales targets. 
 What will you be doing? 
 Educating inbound callers on their credit standing by providing consultations with the goal of enrolling them in one of our services should they be a good fit. 
 We are looking for team members who are: 
 
 
 Tech savvy with the ability to navigate digital tools such as SLACK, CRM software, google sheets, etc. Our team uses these digital tools daily. 
 
 
 Growth oriented and always looking to learn and acquire new skills. 
 
 
 Autonomous self starters who can work independently and efficiently. 
 
 
 Team players with the ability to implement feedback from their sales coaches. 
 
 
 Patient and professional with clients. Finances can be a difficult topic for some clients to discuss. We are looking for individuals who showcase empathy and professionalism especially under pressure! 
 
 
 Financially motivated individuals who can meet and exceed sales targets. 
 
 
 Outgoing with outstanding rapport building and active listening skills. Can you carry a conversation with anyone? This may be for you! 
 
 
 You will need: 
 
 
 Home office or a quiet place to work. 
 
 
 Strong internet connection. 
 
 
 Desktop or laptop 
 
 
 (*Please Note: Devices such as Chromebooks, IPADs and laptops with 8G’s of RAM and under will have issues supporting our system) 
 Scheduling 
 Training: The schedule for the first four weeks of our training period is 10 AM - 6 PM EST. 
 *The first week of training is mandatory for all new trainees. If a day is missed you may be asked to restart the first week of training. 
 Post Training: 
 We are currently seeking representatives to work on the following schedule: 
 Monday - Friday 
 Shift hours to be discussed with our hiring manager based on our company's needs at the time of hire. Shifts are as follows: 
 
 
 8:00 AM - 4:00 PM EST 
 
 
 8:30 AM - 4:30 PM EST 
 
 
 9:00 AM - 5:00 AM EST 
 
 
 9:30 AM - 5:30 PM EST 
 
 
 10:00 AM - 6:00 PM EST 
 
 
 10:30 AM - 6:30 PM EST 
 
 
 11:00 AM - 7:00 PM EST 
 
 
 11:30 AM - 7:30 PM EST 
 
 
 12:30 PM - 8:30 PM EST 
 
 
 1:30 PM - 9:30 PM EST 
 
 
 2:30 PM - 10:30 PM EST 
 
 
 3:00 PM - 11:00 PM EST 
 
 
 Job Type:  Contract 
 Shift: 
 
 
 8 hour shift 
 
 
 Day shift 
 
 
 Evening shift 
 
 
 Morning shift 
 
 
 Night shift 
 
 
 Supplemental Pay: 
 
 
 Bonus opportunities 
 
 
 Commission pay 
 
 
 Experience: 
 
 
 Sales: 1 year (Required) 
 
 
 Work Location:  Remote",https://remotive.com/remote-jobs/sales-business/inside-sales-contractor-2086540,OTE $25k - $35k,"CRM, google sheets, financial services, Inside Sales"
1185979,Freelance Writer,IAPWE,Worldwide,"Our organization is seeking content writers to create articles and blog posts on a variety of topics. 
   
 The rate of pay is $20 per 100 words (this comes out to approximately $100 per article or $50 per hour). 
   
 Some topics you may be asked to write about include the following (you can always turn down a topic if you do not feel comfortable writing about it, however if you have experience or expertise in a specific area, please let us know): 
   
 
 Health & beauty 
 Fitness 
 Home Decor 
 Fashion 
 Sports 
 Do it yourself 
 Finance 
 Legal 
 Medical 
 Family/Parenting 
 Relationships 
 Real Estate 
 Restaurants 
 Contracting (plumbing, pool building, remodeling, etc.) 
 
   
 These are just some of the more general industries and topics that we cover. 
   
 Requirements : 
 
 We ask that all work be completed using a word processor such as Microsoft Word or Open Office 
 A reliable internet connection and the ability to meet deadlines 
 Good communication skills and respond in a timely manner to editorial staff when they ask for updates on tasks, etc 
 Work well as a team member with the rest of our content management and editorial staff 
 
 Note : Applicants to this job signaled that accessing some writing tasks may require payment.",https://remotive.com/remote-jobs/writing/freelance-writer-1185979,$50-$75 /hour,REST
2088618,AI Internet Rater,Welo Data,USA,"OVERVIEW  
   
 Welo Data is looking for English speakers to join a remote project as a Search Quality Rater. In this role, you will help improve how search engines understand and deliver useful results to users. 
   
 What you’ll do: 
   
 
 Review search results and evaluate how helpful and relevant they are to the user’s query 
 Answer simple true/false questions about the quality of content 
 Rate whether search results meet the user’s needs using clear guidelines 
 Complete straightforward online tasks that contribute to improving AI systems 
 
   
 No specialized technical experience is required - we provide the guidelines and support you need to succeed! 
   
 Please click here for a short demo of these types of tasks:  What Does a Search Quality Rater Do? (youtube.com) 
   
 Why this work matters: 
 Your feedback helps train and improve AI technology, making search engines smarter and more useful for people around the world. 
   
 Schedule & Support: 
 Fully remote position 
 Set your own schedule and complete tasks when it’s convenient for you 
 Support is available from the project management team during business hours (Monday–Friday, 9:00 AM – 5:30 PM Pacific) 
   
   
 Project Details 
   
 Job Title:  AI Internet Rater/Search Quality Rater 
 Location:  Remote, US-based 
 Hours:  Minimum 10 hours per week, up to 29 hours per week; set your own schedule 
 Start date:  ASAP 
 Employment Type:  W2 Part-Time Employee, payment every 2 weeks 
 Longevity of project:  12 months (with possibility of extension). 
   
 This work is based on project needs. Weekly hours may vary. 
   
 Benefits 
 Employee Assistance Program  
   
 Following eligibility requirements 
 Paid Sick Time 
 Medical Insurance 
 Dental Insurance 
 Vision Insurance 
 HSA 
 Voluntary Life Insurance 
 Accident, Critical Illness, Hospital Indemnity Insurance 
 401(k) Retirement Plan 
   
 Currently hiring in:  Alabama,   Florida, Georgia, Indiana, Kansas, Kentucky ,Missouri ,Montana, New Hampshire, North Carolina, Ohio, Oklahoma, Pennsylvania ,South Carolina, Tennessee, Texas, Utah, Virginia, West Virginia, Wisconsin. 
   
 Applicants must be of at least 18 years of age to apply.",https://remotive.com/remote-jobs/ai-ml/ai-internet-rater-2088618,$14.5/hour,"AI/ML, project management, insurance"
2088647,Senior Product Designer,XXIX,Worldwide,"We are hiring  contract-based  senior and director level product designers  with experience leading complex product design projects. Original job posting link  (URL here). About garden3d We are worker owned creative collective, innovating on everything from brands and IRL communities to IoT devices and cross platform apps. We share profit, open source everything, spin out new businesses, and invest in exciting ideas through financial and/or in-kind contributions. Our client roster includes  Google ,  Stripe ,  Figma ,  Hinge ,  Black Socialists in America ,  ACLU ,  Pratt ,  Parsons ,  Mozilla ,  The Nobel Prize ,  MIT ,  Gnosis ,  Etsy  &  Gagosian . We’re the software team behind innovative products like  The Light Phone  &  Mill , and we a global, decentralized community space collective called  Index Space . We think of our garden3d as collective for creative people, prioritizing a happy, talented, and diverse studio culture. We work on projects that bring value to our world, and we balance deep care for the work we do with a genuine curiosity about life outside of our jobs. Who we’re looking for: Right now, we're looking for a  Senior Product Designer with expertise in user experience, interface design, and product strategy, who can collaborate directly with clients and cross-functional teams. In this role, you'll work on a variety of client projects to create intuitive, engaging, and effective digital products. You would work on products across many industries, from e-commerce to connected hardware products to AI enabled interfaces. Responsibilities will include: Leading the design process from discovery through implementation, working closely with clients to understand business goals and user needs Creating user flows, wireframes, prototypes, and high-fidelity designs while maintaining a focus on both user experience and visual consistency Participating in design critiques, providing constructive feedback to teammates and ensuring adherence to design systems Contributing to project success by managing design workstreams, collaborating with developers, and meeting project milestones Presenting design solutions to clients and iterating based on feedback while maintaining design integrity The person we’re looking for is happy, relaxed and easy to get along with. They’re flexible on anything except conceits that will lower their usually outstanding work quality. They work “smart”, by carefully managing their workflow and staggering features that have dependencies intelligently — they prefer deep work but are OK coming up to the surface now and then for top level / strategic conversations. We believe people with backgrounds or interests in design, art, music, food or fashion tend to have a well rounded sense of design & quality — so a variety of hobbies or side projects is a big nice to have! Compensation Our pay scale ranges from  $85 p/hr  to  $150 p/hr  pending client/seniority. Our projects are rarely less than 6 full time weeks. We prefer long standing relationships with highly accountable and communicative team members, so we encourage candidates to expect longer term engagements. Who you are The person we’re looking for is happy, relaxed and easy to get along with and appreciates a commitment to a culture of transparency, non-dictatorial leadership styles, and alternative methodologies. They’re flexible on anything except conceits that will lower their usually outstanding work quality. They work “smart” by carefully managing their workflow and team. How we interview Once we have reviewed all applications and identified a profile that  matches our requirements , a member of our team will reach out. Our interview process starts with an intro call to answer any questions you have about the role and to learn a bit more about your experience and interests. From there, we’ll follow up with a panel interview call where you get to meet a few members of our team, to openly discuss some of our challenges and ensure your skills and interests align with where we’re going as a business. For qualified candidates, the process wraps with a reference call, and an offer to follow. ‍ How we work: We believe that there’s a better balance between the poles of freelancing & full time, and for that reason Sanctuary works differently to most shops: Transparency & Ownership:  We release out Profit & Loss statements to the community each year, open source our best ideas, and talk business & money with everyone in the company. We’re proud to run our business with integrity, and for that reason we share everything with our team & community. 150% Carbon Negative:   Our studio offsets 150% of the carbon we use to do business each year, dated back to our founding in 2015. We turn down work that is not in-line with our morals, and we encourage our peers to do the same.  We have been certified climate neutral since 2021 . Strong Morals:   Since our founding, we've turned down somewhere between $1mm - $2mm of work that didn't meet our moral standards. (Most of that was DTC brands that can't show a valid sustainability initiative). Async & Decentralized:  We use tools optimized for calm, thoughtful communication, and opt for async whenever possible. We fight hard to maintain our focus time. Remote Friendly:  Our company is fluent in remote work, making our workplace more decentralized, and democratized in the process. Ideas & Products:  In our spare studio time, we work to build our own open source or internal products to diversify & bolster our income. We create amazing technology products for our clients, so why not for the studio? → Read more on our  Substack, over here , or our  Medium, over there . Important Reminders: We kindly ask that you  submit a complete and thoughtful application , including relevant links that help verify your work experience and identity. Applications with missing or insufficient information will not move forward in the review process. Our team carefully reviews every complete submission, and we truly appreciate the time and effort you put into applying.",https://remotive.com/remote-jobs/design/senior-product-designer-2088647,$80k - $120k,"open source, AI/ML, product strategy, hardware, IoT, user flows, digital products"
2088644,Senior Full-stack React Developer,Lemon.io,"Americas, Europe, Asia, Oceania","Are you a talented Senior Developer looking for a remote job that lets you show your skills and get decent compensation? Look no further than  Lemon.io  — the marketplace that connects you with hand-picked startups in the US and Europe. 
   
 What we offer: 
 
 The rate depends on your seniority level, skills and experience. We've already paid out over $11M to our engineers. 
 No more hunting for clients or negotiating rates — let us handle the business side of things so you can focus on what you do best. 
 We'll manually find the best project for you according to your skills and preferences. 
 Choose a schedule that works best for you. It’s possible to communicate async or minimally overlap within team working hours. 
 We respect your seniority so you can expect no micromanagement or screen trackers. 
 Communicate directly with the clients. Most of them have technical backgrounds. Sounds good, yeah? 
 We will support you from the time you submit the application throughout all cooperation stages. 
 Most of our projects involve working in a fast-paced startup environment. We hope you like it as much as we do. 
 Through our community, we will connect you with the best developers from more than 71 countries. 
 
   
 Requirements for the Senior React & Python Position: 
 
 4+ years of software development experience. 
 
 Commercial experience: 
 
 
 React.js 3+ years & Python 3+ years 
 OR React.js 2+ years & Python 5+ years OR React.js 5+ years & Python 2+ years 
 
 
 Experience with AWS, GCP, or Azure is required. 
 
 
 Requirements for the Senior Node & React Position: 
 
 5+ years of software development experience. 
 
 Commercial experience: 
 
 
 React.js 3+ years & Node.js 5+ years 
 OR React.js 5+ years & Node.js 3+ years 
 
 
 Expertise in Next, TypeScript, and AWS, or in Supabase, is a must. 
 
 
 Requirements for the Senior Golang & React Position: 
   
 
 4+ years of software development experience. 
 
 Commercial experience: 
 
 React.js 3+ years & Golang .js 3+ years OR React.js 2+ years & Golang .js 5+ years OR React.js 5+ years & Golang .js 2+ years 
 
   
 Other requirements: 
 
 Strong technical skills: as a Senior Developer, you are expected to be able to create projects from scratch and have a deep understanding of application architecture. 
 Clear and effective communication in English — advanced ability to discuss business tasks, justify decisions, and communicate issues. Good self-presentation is also essential for upcoming client calls. 
 Strong self-organizational skills — ability to work full-time remotely with no supervision. 
 Reliability — we want to trust you and expect that you won’t let us and the client down. 
 Adaptability and Flexibility — the ability to onboard the project promptly after accepting it and start delivering results quickly. 
 
   
 Sounds good for you? Apply now and join the  Lemon.io  community! 
 NOT YOUR TECH STACK? 
   
 We have multiple projects available for Senior Developers. If you have 4+ years of commercial software development experience and are proficient in any of the following areas: AI Engineering, PHP & Angular, React & Java, Data Science, Blockchain (Web3/Solidity/Solana), Symfony & React, Symfony & Vue, Symfony & Angular, Symfony & JavaScript & Next.js & TypeScript, Data Analysis, React & PHP, Data Engineering, PHP & Vue, Vue & Node.js, DevOps, Android & iOS, Angular & Node.js, Python & Vue, MLOps, Rust, Golang, Shopify & JavaScript, Unreal Engine & C++, Python & LLM, Unity, Vue & Nuxt, Java & Spring, ML Engineering, or Python & Flask — we’d be happy to connect and match you with a suitable project. 
 
   
 
 
 
 If your experience matches our requirements, be ready for the next steps: 
 
 
 
 
 
 VideoAsk — watch a short video about our startup, up to 10 minutes 
 Complete your profile on our website 
 Intro call 
 Technical interview 
 Feedback 
 Magic Box (we are looking for the best project for you). 
 
 We do not provide visa assistance, and our cooperation model does not include the benefits typically offered with direct hire. 
 P.S.  We work with developers from 71+ countries in different regions:  Europe, LATAM, the U.S. (if you are an owner of W-9 ben form), Canada, Asia (Japan, Singapore, South Korea, Philippines, Indonesia), Oceania (Australia, New Zealand, Papua New Guinea), and the the UK. However, we have some exceptions. 
 At the moment, we don’t have a legal basis to accept applicants from the following countries: 
 
 European: Iceland, Liechtenstein, Kosovo, Belarus, Russia, and Serbia. 
 Latin America: Cuba and Nicaragua 
 Most Asian countries and Africa. 
 
 We expand and shorten the list of exemptions regularly. 
 
 Do you represent a company with engineers who match the description and want to collaborate with us through staff augmentation? Then register  here .",https://remotive.com/remote-jobs/software-development/senior-full-stack-react-developer-2088644,,"android, AWS, azure, C++, data science, fullstack, golang, ios, java, javascript, node.js, php, python, react, react js, shopify, video, blockchain, AI/ML, rust, unity, spring, data analysis, solidity, flask, Typescript , angular , GCP, data engineering, Symfony, startup, marketplace, next.js"
2088643,Shopify Engineer,Nebulab,Worldwide,"Job Description 
 We're looking for an experienced Shopify Engineer to join our team and help us deliver world-class eCommerce solutions for our clients. You'll work on challenging Shopify Plus projects, from custom theme development to headless commerce implementations, while collaborating with designers, strategists, and other developers to create exceptional digital experiences. 
   
 As a Shopify Engineer at Nebulab, you'll have the opportunity to work with international mid-market and enterprise brands, tackle complex technical challenges, and contribute to the growth of our Shopify practice. We value continuous learning, open-source contributions, and knowledge sharing across the team. 
 Job Requirements 
 Essential: 
 
 3+ years of experience developing on the Shopify platform 
 Proficiency with Liquid templating and Shopify Theme development 
 Strong skills in JavaScript, React, and modern front-end technologies 
 Understanding of eCommerce fundamentals and best practices 
 Effective communication skills for working with both teammates and clients 
 Inclusive, community-driven mindset with eagerness to learn and share knowledge 
 Proficiency with Shopify Plus and the Shopify API 
 Hands-on experience with Shopify app development (both public and private apps) 
 
 Nice to have: 
 
 Experience with Shopify's Hydrogen framework and headless commerce approaches 
 Experience with Shopify CLI and Theme Kit 
 Familiarity with GraphQL and Shopify's Admin API 
 Knowledge of Ruby on Rails (useful for custom Shopify app development) 
 Experience with Shopify's checkout extensions and customizations 
 Past consulting or client management experience 
 
 Job Responsibilities 
 First 3 months: 
 
 Onboard and familiarize yourself with our Shopify development workflows and ongoing projects 
 Start contributing to theme customizations and app development tasks 
 Participate in code reviews and collaborate with cross-functional teams 
 
 3-6 months: 
 
 Take on larger Shopify Plus projects and start leading implementations 
 Demonstrate impact on project delivery and client satisfaction 
 Integrate third-party services and APIs with Shopify stores 
 
 6-12 months: 
 
 Fully own major Shopify projects from requirements to deployment 
 Mentor junior team members on Shopify development best practices 
 Run internal workshops and presentations to elevate team skills 
 Contribute to Shopify's ecosystem through app development, open-source contributions, and drive innovations in our Shopify service offerings 
 
 Job Benefits 
 Compensation & Time Off: 
 
 Competitive, geolocated base salary (50th-75th percentile of industry standards) 
 Company performance-based annual bonuses 
 Generous vacation days with flexible scheduling 
 
 Work Environment: 
 
 Fully remote culture with flexible working hours across global time zones 
 All necessary equipment for working from home: MacBook Pro, keyboard, mouse, external monitor, and headphones 
 
 Professional Development: 
 
 Investment time: use up to 10% of work hours for personal projects or professional development 
 Educational budget for books, courses, and learning resources 
 Partial coverage of conference attendance including travel, accommodation, and tickets 
 Weekly training activities with the team and industry experts 
 
 Team & Culture: 
 
 Dedicated manager with regular 1:1s and fair performance reviews 
 Annual team retreats to interesting locations 
 Regular company parties and celebrations 
 Regular online social events and activities 
 
 Administrative: 
 
 Coverage of taxes and contract maintenance fees for consultancy contracts or non-Italian residents",https://remotive.com/remote-jobs/software-development/shopify-engineer-2088643,€30k -  €60k,"admin, api, ecommerce, graphql, javascript, react, ruby/rails, shopify, travel"
1749306,Copywriter,Coalition Technologies ,Worldwide,"WHO WE'RE LOOKING FOR 
 The ideal copywriter has excellent English writing skills and is excited to write high-quality, SEO-driven content that aligns with detailed, client-specific guidelines. Projects most commonly include writing web pages for eCommerce and lead generation business sites such as category pages, product descriptions, and blog posts. Our clientele is constantly evolving. We produce content for these and many other industry verticals: 
   
 Fashion (both mass-market and luxury) 
 Skincare & Beauty 
 Tech & Software** 
 Finance & Investing** 
 Law (family law, product liability, divorce, etc.)** 
 Education 
 Home Improvement 
 Automobiles & Motorcycles (OEM and aftermarket accessories) 
 Health and Wellness** 
 Medical / Clinical** 
 Digital Marketing 
 SEO / PR / Advertising / Marketing** 
 **Writers with a background in these highly specialized fields are strongly encouraged to apply. 
 The ideal candidate for this position is a multifaceted technical and creative writer with at least two to four years of professional, non-academic experience. Candidates should understand how to write content that effortlessly blends SEO best practices and brand priorities for finished work that’s engaging, creative, and ROI-driven. Candidates should also be willing and able to complete careful research in order to gain a strong understanding of various industries. Candidates should be prepared to provide portfolios featuring published work. Once an offer has been extended, writers will be asked to take a brief training course. 
   
 Compensation 
 Writers are paid on a per-word basis. The rate is assessed according to our KPI rubric (key performance indicators) with an automatic raise after 400 and 800 pages have gone live on our client's websites. 
 Initial compensation is up to $0.06 per word with $0.034 per word being the most typical compensation level. This is $30 or $17 per page of 500 words. 
 After 400 pages live, the top marginal rate increases to $0.064 per word with the most typical rate of $0.038 per word, or $32 and $19 per page. After 800 pages live, the top marginal rate increases to $0.07 per word with $0.044 per word being the most typical, or $35 and $22 per page.",https://remotive.com/remote-jobs/writing/copywriter-1749306,$20k -$35k,"accounting, excel, research, data analysis, bookkeeping, google sheets, quickbooks, data entry, insurance, G Suite"
